{
    "run_name": "laplace_20260330_132826",
    "prior": "laplace",
    "latent_dim": 16,
    "threshold": 0.01,
    "active_units_count": 8,
    "active_percentage": 50.0,
    "dim_variances": [
        0.000749163911677897,
        0.0017279633320868015,
        1.8778060674667358,
        1.4504284858703613,
        1.4829567670822144,
        0.0008466017316095531,
        0.0007826832006685436,
        1.7872287034988403,
        0.0010707282926887274,
        1.8322056531906128,
        0.0015543242916464806,
        1.8457539081573486,
        1.901192545890808,
        1.6852439641952515,
        0.0010310602374374866,
        0.0005234627751633525
    ]
}