{
    "run_name": "student-t_20260330_134755",
    "prior": "student-t",
    "latent_dim": 16,
    "threshold": 0.01,
    "active_units_count": 8,
    "active_percentage": 50.0,
    "dim_variances": [
        2.15640926361084,
        0.0011316724121570587,
        2.0653927326202393,
        0.0017326802480965853,
        1.8821107149124146,
        0.0014335751766338944,
        0.0008815873297862709,
        1.8316842317581177,
        1.5542263984680176,
        2.0310306549072266,
        0.0006071467651054263,
        1.882225751876831,
        0.001084019779227674,
        0.0010680787963792682,
        1.6680729389190674,
        0.0014877942157909274
    ]
}