{
    "run_name": "vampprior_20260327_153419",
    "prior": "vampprior",
    "latent_dim": 16,
    "threshold": 0.01,
    "active_units_count": 10,
    "active_percentage": 62.5,
    "dim_variances": [
        7.293107986450195,
        0.00021761040261480957,
        1.9015289545059204,
        0.00018849538173526525,
        24.933332443237305,
        0.001317869289778173,
        4.306222915649414,
        0.0031161317601799965,
        13.341625213623047,
        14.364849090576172,
        0.5370703339576721,
        3.017601251602173,
        0.00024659623159095645,
        0.0001961392117664218,
        0.3178838789463043,
        3.2257437705993652
    ]
}