{
    "run_name": "mog_20260330_133555",
    "prior": "mog",
    "latent_dim": 16,
    "threshold": 0.01,
    "active_units_count": 11,
    "active_percentage": 68.75,
    "dim_variances": [
        1.6966817378997803,
        1.276899814605713,
        3.5066983699798584,
        3.10766863822937,
        5.555039405822754,
        0.0018993259873241186,
        0.0008799558272585273,
        2.7331082820892334,
        3.9932594299316406,
        4.839320182800293,
        0.002542564645409584,
        2.4911229610443115,
        1.535614013671875,
        0.0010270981583744287,
        3.661345958709717,
        0.0025834711268544197
    ]
}