{
    "run_name": "student-t_20260327_152328",
    "prior": "student-t",
    "latent_dim": 16,
    "threshold": 0.01,
    "active_units_count": 8,
    "active_percentage": 50.0,
    "dim_variances": [
        2.1157829761505127,
        1.742142677307129,
        2.1185851097106934,
        0.0021108402870595455,
        1.8565576076507568,
        0.0007890755659900606,
        0.0005034789210185409,
        1.822892665863037,
        0.0016844668425619602,
        1.991058349609375,
        0.0009117114823311567,
        1.6766728162765503,
        1.5516401529312134,
        0.0017974557122215629,
        0.001353769563138485,
        0.000862264889292419
    ]
}