{
    "run_name": "mog_20260327_144538",
    "prior": "mog",
    "latent_dim": 16,
    "threshold": 0.01,
    "active_units_count": 11,
    "active_percentage": 68.75,
    "dim_variances": [
        0.496244877576828,
        2.086674451828003,
        3.509312868118286,
        2.4717588424682617,
        7.566414833068848,
        0.0014477313961833715,
        3.8562092781066895,
        0.0005558719276450574,
        1.4578969478607178,
        0.8678629398345947,
        4.204687118530273,
        2.4004266262054443,
        0.0005851006135344505,
        0.0004668341716751456,
        6.003818511962891,
        0.0006020524888299406
    ]
}