{
    "run_name": "gaussian_20260330_132205",
    "prior": "gaussian",
    "latent_dim": 16,
    "threshold": 0.01,
    "active_units_count": 9,
    "active_percentage": 56.25,
    "dim_variances": [
        0.8596034646034241,
        0.6674200892448425,
        6.65229163132608e-05,
        5.1581766456365585e-05,
        0.946776807308197,
        8.29694326967001e-05,
        0.813933253288269,
        4.6665638365084305e-05,
        1.0088914632797241,
        0.00011420671216910705,
        0.9785840511322021,
        0.9261288642883301,
        0.9445157051086426,
        0.00010128987923962995,
        1.0319387912750244,
        4.576290666591376e-05
    ]
}