{
    "run_name": "gaussian_20260327_143630",
    "prior": "gaussian",
    "latent_dim": 16,
    "threshold": 0.01,
    "active_units_count": 9,
    "active_percentage": 56.25,
    "dim_variances": [
        0.8343485593795776,
        6.698541983496398e-05,
        9.37810109462589e-05,
        8.144736784743145e-05,
        0.9203059673309326,
        0.00011843568063341081,
        0.7930105924606323,
        6.857902917545289e-05,
        0.998619019985199,
        0.6822279691696167,
        0.9337001442909241,
        0.9083408713340759,
        0.9157575368881226,
        0.00010071550059365109,
        0.9905170798301697,
        0.00012572755804285407
    ]
}