{
    "run_name": "laplace_20260327_145506",
    "prior": "laplace",
    "latent_dim": 16,
    "threshold": 0.01,
    "active_units_count": 9,
    "active_percentage": 56.25,
    "dim_variances": [
        0.0028164151590317488,
        1.2294700145721436,
        1.9569697380065918,
        1.7822275161743164,
        1.5242018699645996,
        0.0010490427957847714,
        0.0010759136639535427,
        1.829914927482605,
        0.0007646686863154173,
        1.8932685852050781,
        0.002377093769609928,
        1.865831971168518,
        1.4136812686920166,
        1.7663846015930176,
        0.0008879303350113332,
        0.002596124541014433
    ]
}