{
    "run_name": "vampprior_20260330_135602",
    "prior": "vampprior",
    "latent_dim": 16,
    "threshold": 0.01,
    "active_units_count": 12,
    "active_percentage": 75.0,
    "dim_variances": [
        6.091451168060303,
        0.0002730560372583568,
        0.0009181290515698493,
        1.304647445678711,
        13.026737213134766,
        0.09778726100921631,
        3.2271533012390137,
        1.7177919149398804,
        11.86837100982666,
        16.47470474243164,
        7.331855773925781,
        3.274291753768921,
        0.000464458396891132,
        0.0003599732299335301,
        6.054721832275391,
        2.2233128547668457
    ]
}